season,week,game_id,commence_time_utc,home_team,away_team,spread_home,total,mat_spread,mat_total,nikki_spread,nikki_total,home_score,away_score,__source_file
2025,1,f1bc532dff946d15cb85654b5c4b246e,2025-09-05T00:20:00+00:00,Philadelphia Eagles,Dallas Cowboys,-8.5,47.5,away,under,away,over,24.0,20.0,2025_wk01_final.csv
2025,1,9535d3e3ee9d9fc83ea2b500ad0b587c,2025-09-06T00:00:00+00:00,Los Angeles Chargers,Kansas City Chiefs,3.0,46.5,away,under,home,under,27.0,21.0,2025_wk01_final.csv
2025,1,557d13ef8f4c1d21044f3a478cda6d0b,2025-09-07T17:00:00+00:00,New Orleans Saints,Arizona Cardinals,6.5,43.5,away,over,home,over,13.0,20.0,2025_wk01_final.csv
2025,1,1e09eb3fe1385796c1a32000de48ac64,2025-09-07T17:00:00+00:00,Atlanta Falcons,Tampa Bay Buccaneers,2.5,47.0,home,over,home,over,20.0,23.0,2025_wk01_final.csv
2025,1,394256a6c3d0f5ecd1208fffaae6a72f,2025-09-07T17:00:00+00:00,Jacksonville Jaguars,Carolina Panthers,-3.5,47.0,away,under,home,under,26.0,10.0,2025_wk01_final.csv
2025,1,e2d3b0596efcebc1c19dab92009f5e26,2025-09-07T17:00:00+00:00,Cleveland Browns,Cincinnati Bengals,5.0,47.5,away,over,home,under,16.0,17.0,2025_wk01_final.csv
2025,1,b02a72c768a6c6dee87aa74f78e84176,2025-09-07T17:00:00+00:00,Indianapolis Colts,Miami Dolphins,0.0,46.5,away,under,home,under,33.0,8.0,2025_wk01_final.csv
2025,1,0b2455795dfcd692dd607503e4f20d04,2025-09-07T17:00:00+00:00,New England Patriots,Las Vegas Raiders,-2.5,43.5,away,under,home,over,13.0,20.0,2025_wk01_final.csv
2025,1,4cce00ca468c67eca17a9a061f778fb2,2025-09-07T17:00:00+00:00,Washington Commanders,New York Giants,-6.0,45.5,home,over,away,over,21.0,6.0,2025_wk01_final.csv
2025,1,5ed483bb614b18955f8b43f177746371,2025-09-07T17:00:00+00:00,New York Jets,Pittsburgh Steelers,2.5,38.5,home,under,away,under,32.0,34.0,2025_wk01_final.csv
2025,1,68397f3aa9eb847a421a49f990a11928,2025-09-07T20:05:00+00:00,Denver Broncos,Tennessee Titans,-8.0,42.5,home,under,home,over,20.0,12.0,2025_wk01_final.csv
2025,1,9f1ad249959aacae89e5e74e43429a4a,2025-09-07T20:05:00+00:00,Seattle Seahawks,San Francisco 49ers,2.5,43.5,away,over,home,over,13.0,17.0,2025_wk01_final.csv
2025,1,8e0e2d9237098222f9ca7554b11b12bb,2025-09-07T20:25:00+00:00,Green Bay Packers,Detroit Lions,-2.5,47.5,home,over,away,over,27.0,13.0,2025_wk01_final.csv
2025,1,dc0e3db61983a138098f28226788d2d3,2025-09-07T20:25:00+00:00,Los Angeles Rams,Houston Texans,-3.0,44.0,home,over,away,under,14.0,9.0,2025_wk01_final.csv
2025,1,dee0a41ed5e8201a96d457899adbe918,2025-09-08T00:20:00+00:00,Buffalo Bills,Baltimore Ravens,0.0,50.5,away,over,away,over,41.0,40.0,2025_wk01_final.csv
2025,1,c6d7807cee33d5e81c671527b9c8b3f1,2025-09-09T00:15:00+00:00,Chicago Bears,Minnesota Vikings,1.5,44.0,away,under,home,under,20.0,24.0,2025_wk01_final.csv
2025,2,0c6e5d9821ce0d3e82f3e792879776a6,2025-09-12T00:16:00+00:00,Green Bay Packers,Washington Commanders,-3.5,48.0,away,over,away,over,27.0,18.0,2025_wk02_final.csv
2025,2,1ee9ea2c8256bc6be5dd92e60f6c17de,2025-09-14T17:00:00+00:00,Detroit Lions,Chicago Bears,-6.0,47.5,home,over,away,under,52.0,21.0,2025_wk02_final.csv
2025,2,ec75e45d75691f810f347e0c5ff25d6e,2025-09-14T17:00:00+00:00,Cincinnati Bengals,Jacksonville Jaguars,-3.5,49.5,home,under,away,under,31.0,27.0,2025_wk02_final.csv
2025,2,05a5b084f4e19535b2d3f91ef5c00169,2025-09-14T17:00:00+00:00,Dallas Cowboys,New York Giants,-6.0,44.5,home,under,away,over,40.0,37.0,2025_wk02_final.csv
2025,2,575c1b169aab675ec72372ccb0f4c55f,2025-09-14T17:00:00+00:00,Miami Dolphins,New England Patriots,-1.5,44.0,home,under,home,under,27.0,33.0,2025_wk02_final.csv
2025,2,553edb8bf2452482b37dde58e832a6fb,2025-09-14T17:01:00+00:00,Baltimore Ravens,Cleveland Browns,-11.0,45.0,home,over,away,over,41.0,17.0,2025_wk02_final.csv
2025,2,cd0fd9335b5182d3bfed35ab8d5ab6fb,2025-09-14T17:01:00+00:00,New York Jets,Buffalo Bills,6.5,45.5,away,over,home,over,10.0,30.0,2025_wk02_final.csv
2025,2,0e6f68b30237afc04d1517a193213a65,2025-09-14T17:01:00+00:00,Tennessee Titans,Los Angeles Rams,5.5,42.0,away,under,away,under,19.0,33.0,2025_wk02_final.csv
2025,2,866d7405986fb4d14897cdb6c0aa5926,2025-09-14T17:01:00+00:00,New Orleans Saints,San Francisco 49ers,4.5,42.0,away,over,home,over,21.0,26.0,2025_wk02_final.csv
2025,2,82f9fd7001598d5cf9c1bdd57c66cae4,2025-09-14T17:01:00+00:00,Pittsburgh Steelers,Seattle Seahawks,-3.0,40.0,home,over,home,over,17.0,31.0,2025_wk02_final.csv
2025,2,7e2ad5ef04493526707e0868f7b70c47,2025-09-14T20:05:00+00:00,Arizona Cardinals,Carolina Panthers,-6.5,44.5,home,over,away,under,27.0,22.0,2025_wk02_final.csv
2025,2,e217b38ef8bc6e98d3512cb42b90782e,2025-09-14T20:06:00+00:00,Indianapolis Colts,Denver Broncos,2.5,42.5,away,under,home,over,29.0,28.0,2025_wk02_final.csv
2025,2,bbec8d71145954cff67915c9b006bb6e,2025-09-14T20:25:00+00:00,Kansas City Chiefs,Philadelphia Eagles,1.0,47.0,home,over,away,under,17.0,20.0,2025_wk02_final.csv
2025,2,37d09ce5d357536d0e58dd4ba0ab4106,2025-09-15T00:20:00+00:00,Minnesota Vikings,Atlanta Falcons,-4.75,45.5,home,under,away,over,6.0,22.0,2025_wk02_final.csv
2025,2,7d9a04f411031528d9c1d2df7b9a0453,2025-09-15T23:01:00+00:00,Houston Texans,Tampa Bay Buccaneers,-2.5,42.0,away,over,away,over,19.0,20.0,2025_wk02_final.csv
2025,2,bebae12f59f19bd877df7ac3cab05263,2025-09-16T02:00:00+00:00,Las Vegas Raiders,Los Angeles Chargers,3.5,47.0,away,under,away,under,9.0,20.0,2025_wk02_final.csv
2025,3,aca5234c57e31b1931e51d2d0d6046f5,2025-09-19T00:15:00+00:00,Buffalo Bills,Miami Dolphins,-12.5,49.5,away,under,home,under,31.0,21.0,2025_wk03_final.csv
2025,3,5737e4dbf6879c5061bb23033a4d8a55,2025-09-21T17:00:00+00:00,Carolina Panthers,Atlanta Falcons,5.0,43.5,away,over,home,over,30.0,0.0,2025_wk03_final.csv
2025,3,eefb7f130c8fc2c129e296fe5c6ba3e3,2025-09-21T17:00:00+00:00,Minnesota Vikings,Cincinnati Bengals,-3.0,41.5,home,over,home,over,48.0,10.0,2025_wk03_final.csv
2025,3,581955d1b79fe87a3a61a4885cd7ea67,2025-09-21T17:00:00+00:00,Cleveland Browns,Green Bay Packers,8.0,42.5,away,over,home,under,13.0,10.0,2025_wk03_final.csv
2025,3,97de7672b61dbddbce982711c121e76d,2025-09-21T17:00:00+00:00,Jacksonville Jaguars,Houston Texans,-1.0,44.5,away,over,home,over,17.0,10.0,2025_wk03_final.csv
2025,3,03a5eed2c8ef5d1c8a48866ea4b0d63a,2025-09-21T17:00:00+00:00,Washington Commanders,Las Vegas Raiders,-3.5,44.5,home,over,home,over,41.0,24.0,2025_wk03_final.csv
2025,3,c4c42918a645b1a4773f47d7eaa5cfcf,2025-09-21T17:00:00+00:00,New England Patriots,Pittsburgh Steelers,1.0,44.5,away,over,away,over,14.0,21.0,2025_wk03_final.csv
2025,3,02522f48a7b7e7524881c1b1638cd94d,2025-09-21T17:00:00+00:00,Tampa Bay Buccaneers,New York Jets,-7.0,45.5,home,under,home,under,29.0,27.0,2025_wk03_final.csv
2025,3,bb506016737825f4d0b1f9862f95c246,2025-09-21T17:01:00+00:00,Tennessee Titans,Indianapolis Colts,3.5,43.5,away,over,home,over,20.0,41.0,2025_wk03_final.csv
2025,3,4c4ae4a2d54fc3f71c450187e9391ddc,2025-09-21T17:01:00+00:00,Philadelphia Eagles,Los Angeles Rams,-3.5,44.5,away,under,home,under,33.0,26.0,2025_wk03_final.csv
2025,3,0ee3f5a0078c21cfdffd1b97002e7da5,2025-09-21T20:05:00+00:00,Los Angeles Chargers,Denver Broncos,-2.5,44.5,away,under,home,over,23.0,20.0,2025_wk03_final.csv
2025,3,311c411c2d53e36a902763dc7a2ef678,2025-09-21T20:05:00+00:00,Seattle Seahawks,New Orleans Saints,-7.5,41.5,home,over,home,over,44.0,13.0,2025_wk03_final.csv
2025,3,186868cc79ce1f5d22075b67ebbc7b64,2025-09-21T20:25:00+00:00,Chicago Bears,Dallas Cowboys,-1.0,50.0,away,under,away,under,31.0,14.0,2025_wk03_final.csv
2025,3,20b50dac292089c063b21e1410f172ef,2025-09-21T20:26:00+00:00,San Francisco 49ers,Arizona Cardinals,-1.5,43.5,home,over,away,under,16.0,15.0,2025_wk03_final.csv
2025,3,ee840f13db8bd150fcdd8f6670fa7041,2025-09-22T00:21:00+00:00,New York Giants,Kansas City Chiefs,6.0,44.5,home,under,home,over,9.0,22.0,2025_wk03_final.csv
2025,3,6e67ddae4bb01d1c2d3f461ee62d2666,2025-09-23T00:15:00+00:00,Baltimore Ravens,Detroit Lions,-6.0,51.5,home,over,away,over,30.0,,2025_wk03_final.csv
